Folder,File,Sample_ID,Law_Length,Code_Length
impot_revenu,cgi_revenus.json,sample_1,1483,163
impot_revenu,cgi_revenus.json,sample_2,3247,4033
impot_revenu,cgi_revenus.json,sample_3,5016,1154
impot_revenu,cgi_revenus.json,sample_4,5870,1022
impot_revenu,cgi_revenus.json,sample_5,1234,1865
impot_revenu,cgi_revenus.json,sample_6,15621,1500
impot_revenu,cgi_revenus.json,sample_7,688,3711
impot_revenu,cgi_revenus.json,sample_8,771,2665
impot_revenu,cgi_revenus.json,sample_9,2420,2297
impot_revenu,cgi_revenus.json,sample_10,227,1639
impot_revenu,cgi_revenus.json,sample_11,4749,227
impot_revenu,cgi_revenus.json,sample_12,568,734
impot_revenu,cgi_revenus.json,sample_13,1166,257
impot_revenu,cgi_revenus.json,sample_14,367,232
impot_revenu,cgi_revenus.json,sample_15,376,247
impot_revenu,cgi_revenus.json,sample_16,5540,248
impot_revenu,cgi_revenus.json,sample_17,5808,334
impot_revenu,cgi_revenus.json,sample_18,23547,517
impot_revenu,cgi_revenus.json,sample_19,9925,1359
impot_revenu,cgi_revenus.json,sample_20,1531,663
impot_revenu,cgi_revenus.json,sample_21,6914,1418
impot_revenu,cgi_revenus.json,sample_22,4886,249
impot_revenu,cgi_revenus.json,sample_23,1177,243
impot_revenu,cgi_revenus.json,sample_24,4300,264
impot_revenu,cgi_revenus.json,sample_25,6563,2626
impot_revenu,cgi_revenus.json,sample_26,612,837
impot_revenu,cgi_revenus.json,sample_27,5243,227
impot_revenu,cgi_revenus.json,sample_28,138,261
impot_revenu,cgi_revenus.json,sample_29,137,191
impot_revenu,cgi_revenus.json,sample_30,10214,2288
impot_revenu,cgi_revenus.json,sample_31,5029,2095
impot_revenu,cgi_revenus.json,sample_32,1983,2444
impot_revenu,cgi_revenus.json,sample_33,1255,1638
impot_revenu,cgi_revenus.json,sample_34,20060,3918
impot_revenu,cgi_revenus.json,sample_35,1041,679
impot_revenu,cgi_revenus.json,sample_36,578,255
impot_revenu,cgi_revenus.json,sample_37,1478,204
impot_revenu,cgi_revenus.json,sample_38,3271,1036
impot_revenu,cgi_revenus.json,sample_39,6368,7574
impot_revenu,cgi_revenus.json,sample_40,1460,177
impot_revenu,cgi_revenus.json,sample_41,873,380
impot_revenu,cgi_revenus.json,sample_42,2231,2136
impot_revenu,cgi_revenus.json,sample_43,2891,1275
impot_revenu,cgi_revenus.json,sample_44,1856,876
impot_revenu,cgi_revenus.json,sample_45,1527,441
impot_revenu,cgi_revenus.json,sample_46,559,452
impot_revenu,cgi_revenus.json,sample_47,668,215
impot_revenu,cgi_revenus.json,sample_48,261,204
impot_revenu,cgi_revenus.json,sample_49,260,232
impot_revenu,cgi_revenus.json,sample_50,1017,212
impot_revenu,cgi_revenus.json,sample_51,670,304
impot_revenu,cgi_revenus.json,sample_52,203,422
impot_revenu,cgi_revenus.json,sample_53,198,422
impot_revenu,cgi_revenus.json,sample_54,361,538
impot_revenu,cgi_revenus.json,sample_55,640,214
impot_revenu,cgi_revenus.json,sample_56,119,418
impot_revenu,cgi_revenus.json,sample_57,1472,243
impot_revenu,cgi_revenus.json,sample_58,226,219
impot_revenu,cgi_revenus.json,sample_59,878,172
impot_revenu,cgi_revenus.json,sample_60,12887,498
impot_revenu,cgi_revenus.json,sample_61,1208,254
impot_revenu,loi_2022-1158.json,sample_1,7264,491
impot_revenu,archives_cgi.json,sample_1,6767,163
impot_revenu,archives_cgi.json,sample_2,388,160
impot_revenu,archives_cgi.json,sample_3,12659,169
impot_revenu,archives_cgi.json,sample_4,461,165
impot_revenu,archives_cgi.json,sample_5,7583,219
impot_revenu,archives_cgi.json,sample_6,878,171
impot_revenu,lfr_2022.json,sample_1,2145,181
impot_revenu,vérifications.json,sample_1,441,475
impot_revenu,vérifications.json,sample_2,1292,187
impot_revenu,vérifications.json,sample_3,538,472
impot_revenu,vérifications.json,sample_4,410,236
impot_revenu,vérifications.json,sample_5,146,203
impot_revenu,vérifications.json,sample_6,424,200
impot_revenu,vérifications.json,sample_7,925,716
impot_revenu,modèle_convention_fiscale_ocde.json,sample_1,3967,2486
aides_logement,arrete_2019-09-27.json,sample_1,3466,1791
aides_logement,arrete_2019-09-27.json,sample_2,1173,501
aides_logement,arrete_2019-09-27.json,sample_3,596,362
aides_logement,arrete_2019-09-27.json,sample_4,584,500
aides_logement,arrete_2019-09-27.json,sample_5,150,172
aides_logement,arrete_2019-09-27.json,sample_6,305,360
aides_logement,arrete_2019-09-27.json,sample_7,295,303
aides_logement,arrete_2019-09-27.json,sample_8,1246,667
aides_logement,arrete_2019-09-27.json,sample_9,282,201
aides_logement,arrete_2019-09-27.json,sample_10,1046,490
aides_logement,arrete_2019-09-27.json,sample_11,440,457
aides_logement,arrete_2019-09-27.json,sample_12,910,791
aides_logement,arrete_2019-09-27.json,sample_13,1249,985
aides_logement,arrete_2019-09-27.json,sample_14,278,374
aides_logement,arrete_2019-09-27.json,sample_15,1705,1071
aides_logement,arrete_2019-09-27.json,sample_16,585,1073
aides_logement,arrete_2019-09-27.json,sample_17,646,1033
aides_logement,arrete_2019-09-27.json,sample_18,605,1035
aides_logement,arrete_2019-09-27.json,sample_19,1491,772
aides_logement,arrete_2019-09-27.json,sample_20,10181,37583
aides_logement,arrete_2019-09-27.json,sample_21,625,244
aides_logement,arrete_2019-09-27.json,sample_22,150,182
aides_logement,arrete_2019-09-27.json,sample_23,222,184
aides_logement,arrete_2019-09-27.json,sample_24,137,197
aides_logement,arrete_2019-09-27.json,sample_25,467,314
aides_logement,arrete_2019-09-27.json,sample_26,227,274
aides_logement,arrete_2019-09-27.json,sample_27,277,367
aides_logement,arrete_2019-09-27.json,sample_28,573,508
aides_logement,arrete_2019-09-27.json,sample_29,155,192
aides_logement,arrete_2019-09-27.json,sample_30,1201,1347
aides_logement,arrete_2019-09-27.json,sample_31,150,170
aides_logement,arrete_2019-09-27.json,sample_32,222,172
aides_logement,arrete_2019-09-27.json,sample_33,364,170
aides_logement,arrete_2019-09-27.json,sample_34,212,234
aides_logement,arrete_2019-09-27.json,sample_35,829,706
aides_logement,arrete_2019-09-27.json,sample_36,440,667
aides_logement,arrete_2019-09-27.json,sample_37,116,194
aides_logement,arrete_2019-09-27.json,sample_38,1386,215
aides_logement,arrete_2019-09-27.json,sample_39,7702,37140
aides_logement,arrete_2019-09-27.json,sample_40,1400,387
aides_logement,arrete_2019-09-27.json,sample_41,149,175
aides_logement,arrete_2019-09-27.json,sample_42,221,177
aides_logement,arrete_2019-09-27.json,sample_43,220,355
aides_logement,arrete_2019-09-27.json,sample_44,402,371
aides_logement,arrete_2019-09-27.json,sample_45,390,177
aides_logement,arrete_2019-09-27.json,sample_46,66,171
aides_logement,arrete_2019-09-27.json,sample_47,174,170
aides_logement,arrete_2019-09-27.json,sample_48,61,180
aides_logement,arrete_2019-09-27.json,sample_49,736,375
aides_logement,arrete_2019-09-27.json,sample_50,150,163
aides_logement,arrete_2019-09-27.json,sample_51,222,165
aides_logement,arrete_2019-09-27.json,sample_52,316,326
aides_logement,arrete_2019-09-27.json,sample_53,191,338
aides_logement,arrete_2019-09-27.json,sample_54,146,330
aides_logement,arrete_2019-09-27.json,sample_55,134,316
aides_logement,arrete_2019-09-27.json,sample_56,326,174
aides_logement,arrete_2019-09-27.json,sample_57,418,545
aides_logement,arrete_2019-09-27.json,sample_58,886,416
aides_logement,arrete_2019-09-27.json,sample_59,970,1339
aides_logement,arrete_2019-09-27.json,sample_60,878,1082
aides_logement,arrete_2019-09-27.json,sample_61,2301,921
aides_logement,arrete_2019-09-27.json,sample_62,2199,806
aides_logement,arrete_2019-09-27.json,sample_63,1021,241
aides_logement,archives.json,sample_1,273,309
aides_logement,archives.json,sample_2,537,831
aides_logement,archives.json,sample_3,1057,1040
aides_logement,archives.json,sample_4,765,607
aides_logement,archives.json,sample_5,1346,449
aides_logement,archives.json,sample_6,970,1404
aides_logement,archives.json,sample_7,878,1115
aides_logement,archives.json,sample_8,2301,954
aides_logement,archives.json,sample_9,1379,448
aides_logement,archives.json,sample_10,969,1431
aides_logement,archives.json,sample_11,877,1144
aides_logement,archives.json,sample_12,2301,953
aides_logement,archives.json,sample_13,2811,1134
aides_logement,archives.json,sample_14,1177,533
aides_logement,archives.json,sample_15,600,394
aides_logement,archives.json,sample_16,305,335
aides_logement,archives.json,sample_17,1251,699
aides_logement,archives.json,sample_18,282,233
aides_logement,archives.json,sample_19,1046,522
aides_logement,archives.json,sample_20,439,489
aides_logement,archives.json,sample_21,912,820
aides_logement,archives.json,sample_22,1264,1017
aides_logement,archives.json,sample_23,278,406
aides_logement,archives.json,sample_24,800,276
aides_logement,archives.json,sample_25,237,306
aides_logement,archives.json,sample_26,277,399
aides_logement,archives.json,sample_27,1291,1379
aides_logement,archives.json,sample_28,595,419
aides_logement,archives.json,sample_29,230,387
aides_logement,archives.json,sample_30,402,403
aides_logement,archives.json,sample_31,831,406
aides_logement,archives.json,sample_32,326,358
aides_logement,archives.json,sample_33,191,370
aides_logement,archives.json,sample_34,146,362
aides_logement,archives.json,sample_35,134,348
aides_logement,archives.json,sample_36,2305,464
aides_logement,archives.json,sample_37,313,895
aides_logement,archives.json,sample_38,219,451
aides_logement,archives.json,sample_39,115,443
aides_logement,archives.json,sample_40,115,557
aides_logement,archives.json,sample_41,177,448
aides_logement,archives.json,sample_42,642,1785
aides_logement,archives.json,sample_43,637,1523
aides_logement,archives.json,sample_44,867,835
aides_logement,archives.json,sample_45,1789,834
aides_logement,archives.json,sample_46,915,821
aides_logement,archives.json,sample_47,2018,837
aides_logement,archives.json,sample_48,1943,818
aides_logement,archives.json,sample_49,2317,464
aides_logement,archives.json,sample_50,314,895
aides_logement,archives.json,sample_51,219,453
aides_logement,archives.json,sample_52,115,445
aides_logement,archives.json,sample_53,115,558
aides_logement,archives.json,sample_54,177,449
aides_logement,archives.json,sample_55,642,1788
aides_logement,archives.json,sample_56,637,1525
aides_logement,archives.json,sample_57,608,836
aides_logement,archives.json,sample_58,3043,1134
aides_logement,archives.json,sample_59,1170,533
aides_logement,archives.json,sample_60,596,394
aides_logement,archives.json,sample_61,305,335
aides_logement,archives.json,sample_62,1204,697
aides_logement,archives.json,sample_63,282,233
aides_logement,archives.json,sample_64,1046,522
aides_logement,archives.json,sample_65,439,489
aides_logement,archives.json,sample_66,1249,1149
aides_logement,archives.json,sample_67,278,406
aides_logement,archives.json,sample_68,791,276
aides_logement,archives.json,sample_69,237,306
aides_logement,archives.json,sample_70,277,399
aides_logement,archives.json,sample_71,1278,1352
aides_logement,archives.json,sample_72,590,419
aides_logement,archives.json,sample_73,230,387
aides_logement,archives.json,sample_74,402,411
aides_logement,archives.json,sample_75,822,406
aides_logement,archives.json,sample_76,320,358
aides_logement,archives.json,sample_77,191,370
aides_logement,archives.json,sample_78,146,362
aides_logement,archives.json,sample_79,134,348
aides_logement,archives.json,sample_80,2301,464
aides_logement,archives.json,sample_81,313,895
aides_logement,archives.json,sample_82,219,452
aides_logement,archives.json,sample_83,115,444
aides_logement,archives.json,sample_84,115,558
aides_logement,archives.json,sample_85,177,470
aides_logement,archives.json,sample_86,638,1788
aides_logement,archives.json,sample_87,642,1525
aides_logement,archives.json,sample_88,597,836
aides_logement,archives.json,sample_89,1482,1134
aides_logement,archives.json,sample_90,1166,533
aides_logement,archives.json,sample_91,593,394
aides_logement,archives.json,sample_92,305,335
aides_logement,archives.json,sample_93,1196,697
aides_logement,archives.json,sample_94,276,233
aides_logement,archives.json,sample_95,830,522
aides_logement,archives.json,sample_96,438,489
aides_logement,archives.json,sample_97,1085,1148
aides_logement,archives.json,sample_98,278,406
aides_logement,archives.json,sample_99,786,276
aides_logement,archives.json,sample_100,237,306
aides_logement,archives.json,sample_101,277,399
aides_logement,archives.json,sample_102,1275,1351
aides_logement,archives.json,sample_103,591,316
aides_logement,archives.json,sample_104,230,387
aides_logement,archives.json,sample_105,284,410
aides_logement,archives.json,sample_106,588,303
aides_logement,archives.json,sample_107,483,358
aides_logement,archives.json,sample_108,191,370
aides_logement,archives.json,sample_109,146,362
aides_logement,archives.json,sample_110,134,348
aides_logement,archives.json,sample_111,2298,464
aides_logement,archives.json,sample_112,313,893
aides_logement,archives.json,sample_113,219,451
aides_logement,archives.json,sample_114,115,443
aides_logement,archives.json,sample_115,115,557
aides_logement,archives.json,sample_116,177,469
aides_logement,archives.json,sample_117,642,1785
aides_logement,archives.json,sample_118,647,1523
aides_logement,archives.json,sample_119,598,835
aides_logement,archives.json,sample_120,4845,715
aides_logement,archives.json,sample_121,1084,835
aides_logement,archives.json,sample_122,2609,464
aides_logement,archives.json,sample_123,313,893
aides_logement,archives.json,sample_124,219,451
aides_logement,archives.json,sample_125,115,444
aides_logement,archives.json,sample_126,115,557
aides_logement,archives.json,sample_127,177,448
aides_logement,archives.json,sample_128,642,1785
aides_logement,archives.json,sample_129,647,1523
aides_logement,archives.json,sample_130,618,835
aides_logement,archives.json,sample_131,3271,715
aides_logement,archives.json,sample_132,526,473
aides_logement,archives.json,sample_133,955,162
aides_logement,archives.json,sample_134,2173,196
aides_logement,archives.json,sample_135,109,247
aides_logement,archives.json,sample_136,59,212
aides_logement,archives.json,sample_137,65,212
aides_logement,archives.json,sample_138,65,212
aides_logement,code_construction_reglementaire.json,sample_1,3817,157
aides_logement,code_construction_reglementaire.json,sample_2,44211,1012
aides_logement,code_construction_reglementaire.json,sample_3,2730,277
aides_logement,code_construction_reglementaire.json,sample_4,537,799
aides_logement,code_construction_reglementaire.json,sample_5,1055,975
aides_logement,code_construction_reglementaire.json,sample_6,765,575
aides_logement,code_construction_reglementaire.json,sample_7,8478,1459
aides_logement,code_construction_reglementaire.json,sample_8,184,6993
aides_logement,code_construction_reglementaire.json,sample_9,4913,256
aides_logement,code_construction_reglementaire.json,sample_10,323,189
aides_logement,code_construction_reglementaire.json,sample_11,1342,650
aides_logement,code_construction_reglementaire.json,sample_12,81,318
aides_logement,code_construction_reglementaire.json,sample_13,180,479
aides_logement,code_construction_reglementaire.json,sample_14,203,97
aides_logement,code_construction_reglementaire.json,sample_15,208,277
aides_logement,code_construction_reglementaire.json,sample_16,343,404
aides_logement,code_construction_reglementaire.json,sample_17,892,155
aides_logement,code_construction_reglementaire.json,sample_18,576,466
aides_logement,code_construction_reglementaire.json,sample_19,4101,941
aides_logement,code_construction_reglementaire.json,sample_20,865,256
aides_logement,code_construction_reglementaire.json,sample_21,2164,530
aides_logement,code_construction_reglementaire.json,sample_22,242,408
aides_logement,code_construction_reglementaire.json,sample_23,121,161
aides_logement,code_construction_reglementaire.json,sample_24,172,383
aides_logement,code_construction_reglementaire.json,sample_25,150,218
aides_logement,code_construction_reglementaire.json,sample_26,535,435
aides_logement,code_construction_reglementaire.json,sample_27,508,445
aides_logement,code_construction_reglementaire.json,sample_28,77,160
aides_logement,code_construction_reglementaire.json,sample_29,109,430
aides_logement,code_construction_reglementaire.json,sample_30,503,306
aides_logement,code_construction_reglementaire.json,sample_31,26267,257
aides_logement,code_construction_reglementaire.json,sample_32,1270,295
aides_logement,code_construction_reglementaire.json,sample_33,2331,306
aides_logement,code_construction_reglementaire.json,sample_34,429,227
aides_logement,code_construction_reglementaire.json,sample_35,500,262
aides_logement,code_construction_reglementaire.json,sample_36,144,357
aides_logement,code_construction_reglementaire.json,sample_37,228,490
aides_logement,code_construction_reglementaire.json,sample_38,134,288
aides_logement,code_construction_reglementaire.json,sample_39,380,239
aides_logement,code_construction_reglementaire.json,sample_40,186,385
aides_logement,code_construction_reglementaire.json,sample_41,919,840
aides_logement,code_construction_reglementaire.json,sample_42,2937,186
aides_logement,code_construction_reglementaire.json,sample_43,887,473
aides_logement,code_construction_reglementaire.json,sample_44,1899,994
aides_logement,code_construction_reglementaire.json,sample_45,332,534
aides_logement,code_construction_reglementaire.json,sample_46,1701,299
aides_logement,code_construction_reglementaire.json,sample_47,152,188
aides_logement,code_construction_reglementaire.json,sample_48,281,457
aides_logement,code_construction_reglementaire.json,sample_49,906,450
aides_logement,code_construction_reglementaire.json,sample_50,4172,812
aides_logement,code_construction_reglementaire.json,sample_51,1361,269
aides_logement,code_construction_reglementaire.json,sample_52,431,210
aides_logement,code_construction_reglementaire.json,sample_53,136,446
aides_logement,code_construction_reglementaire.json,sample_54,81,249
aides_logement,code_construction_reglementaire.json,sample_55,141,345
aides_logement,code_construction_reglementaire.json,sample_56,174,477
aides_logement,code_construction_reglementaire.json,sample_57,160,275
aides_logement,code_construction_reglementaire.json,sample_58,559,298
aides_logement,code_construction_reglementaire.json,sample_59,107,397
aides_logement,code_construction_reglementaire.json,sample_60,180,372
aides_logement,code_construction_reglementaire.json,sample_61,970,1178
aides_logement,code_construction_reglementaire.json,sample_62,76,285
aides_logement,code_construction_reglementaire.json,sample_63,181,490
aides_logement,code_construction_reglementaire.json,sample_64,913,719
aides_logement,code_construction_reglementaire.json,sample_65,903,1152
aides_logement,code_construction_reglementaire.json,sample_66,549,761
aides_logement,code_construction_reglementaire.json,sample_67,657,485
aides_logement,code_construction_reglementaire.json,sample_68,540,88
aides_logement,code_construction_reglementaire.json,sample_69,809,1413
aides_logement,code_construction_reglementaire.json,sample_70,553,204
aides_logement,code_construction_reglementaire.json,sample_71,2607,528
aides_logement,code_construction_reglementaire.json,sample_72,536,249
aides_logement,code_construction_reglementaire.json,sample_73,1348,501
aides_logement,code_construction_reglementaire.json,sample_74,143,402
aides_logement,code_construction_reglementaire.json,sample_75,307,413
aides_logement,code_construction_reglementaire.json,sample_76,265,207
aides_logement,code_construction_reglementaire.json,sample_77,399,243
aides_logement,code_construction_reglementaire.json,sample_78,276,214
aides_logement,code_construction_reglementaire.json,sample_79,352,639
aides_logement,code_construction_reglementaire.json,sample_80,84,255
aides_logement,code_construction_reglementaire.json,sample_81,159,360
aides_logement,code_construction_reglementaire.json,sample_82,174,483
aides_logement,code_construction_reglementaire.json,sample_83,140,280
aides_logement,code_construction_reglementaire.json,sample_84,2559,190
aides_logement,code_construction_reglementaire.json,sample_85,726,501
aides_logement,code_construction_reglementaire.json,sample_86,1646,205
aides_logement,code_construction_reglementaire.json,sample_87,180,453
aides_logement,code_construction_reglementaire.json,sample_88,271,528
aides_logement,code_construction_reglementaire.json,sample_89,701,510
aides_logement,code_construction_reglementaire.json,sample_90,182,261
aides_logement,code_construction_reglementaire.json,sample_91,298,444
aides_logement,code_construction_reglementaire.json,sample_92,782,369
aides_logement,code_construction_reglementaire.json,sample_93,529,184
aides_logement,code_construction_reglementaire.json,sample_94,401,230
aides_logement,code_construction_reglementaire.json,sample_95,541,752
aides_logement,code_construction_reglementaire.json,sample_96,81,244
aides_logement,code_construction_reglementaire.json,sample_97,198,352
aides_logement,code_construction_reglementaire.json,sample_98,332,249
aides_logement,code_construction_reglementaire.json,sample_99,174,470
aides_logement,code_construction_reglementaire.json,sample_100,172,268
aides_logement,code_construction_reglementaire.json,sample_101,1533,383
aides_logement,code_construction_reglementaire.json,sample_102,144,318
aides_logement,code_construction_reglementaire.json,sample_103,13817,466
aides_logement,code_construction_reglementaire.json,sample_104,7268,199
aides_logement,code_construction_reglementaire.json,sample_105,422,399
aides_logement,code_construction_reglementaire.json,sample_106,1490,974
aides_logement,code_construction_reglementaire.json,sample_107,241,431
aides_logement,code_construction_reglementaire.json,sample_108,417,377
aides_logement,code_construction_reglementaire.json,sample_109,1106,320
aides_logement,code_construction_reglementaire.json,sample_110,2145,561
aides_logement,code_construction_reglementaire.json,sample_111,1815,303
aides_logement,code_construction_reglementaire.json,sample_112,2506,338
aides_logement,code_construction_reglementaire.json,sample_113,2162,380
aides_logement,code_construction_reglementaire.json,sample_114,5295,353
aides_logement,code_construction_reglementaire.json,sample_115,864,344
aides_logement,code_construction_reglementaire.json,sample_116,241,385
aides_logement,code_construction_reglementaire.json,sample_117,16849,1712
aides_logement,code_construction_legislatif.json,sample_1,909,316
aides_logement,code_construction_legislatif.json,sample_2,1373,451
aides_logement,code_construction_legislatif.json,sample_3,624,473
aides_logement,code_construction_legislatif.json,sample_4,445,417
aides_logement,code_construction_legislatif.json,sample_5,386,618
aides_logement,code_construction_legislatif.json,sample_6,341,636
aides_logement,code_construction_legislatif.json,sample_7,370,711
aides_logement,code_construction_legislatif.json,sample_8,4583,177
aides_logement,code_construction_legislatif.json,sample_9,364,188
aides_logement,code_construction_legislatif.json,sample_10,669,171
aides_logement,code_construction_legislatif.json,sample_11,1809,509
aides_logement,code_construction_legislatif.json,sample_12,4918,280
aides_logement,code_construction_legislatif.json,sample_13,665,261
aides_logement,code_construction_legislatif.json,sample_14,835,311
aides_logement,code_construction_legislatif.json,sample_15,763,484
aides_logement,code_construction_legislatif.json,sample_16,1339,310
aides_logement,code_construction_legislatif.json,sample_17,466,282
aides_logement,code_construction_legislatif.json,sample_18,288,490
aides_logement,code_construction_legislatif.json,sample_19,559,694
aides_logement,code_construction_legislatif.json,sample_20,1720,416
aides_logement,code_construction_legislatif.json,sample_21,686,271
aides_logement,code_construction_legislatif.json,sample_22,473,462
aides_logement,code_construction_legislatif.json,sample_23,337,758
aides_logement,code_construction_legislatif.json,sample_24,127,854
aides_logement,code_construction_legislatif.json,sample_25,235,258
aides_logement,code_construction_legislatif.json,sample_26,815,422
aides_logement,code_construction_legislatif.json,sample_27,179,374
aides_logement,code_construction_legislatif.json,sample_28,1851,2731
aides_logement,code_construction_legislatif.json,sample_29,962,532
aides_logement,code_construction_legislatif.json,sample_30,186,364
aides_logement,code_construction_legislatif.json,sample_31,2817,206
aides_logement,code_construction_legislatif.json,sample_32,879,153
aides_logement,code_construction_legislatif.json,sample_33,631,306
aides_logement,code_construction_legislatif.json,sample_34,1480,180
aides_logement,code_construction_legislatif.json,sample_35,1111,468
aides_logement,code_construction_legislatif.json,sample_36,516,362
aides_logement,code_construction_legislatif.json,sample_37,787,868
aides_logement,code_construction_legislatif.json,sample_38,242,362
aides_logement,code_construction_legislatif.json,sample_39,1766,693
aides_logement,code_construction_legislatif.json,sample_40,474,770
aides_logement,code_construction_legislatif.json,sample_41,563,306
aides_logement,code_construction_legislatif.json,sample_42,4420,316
aides_logement,code_construction_legislatif.json,sample_43,236,822
aides_logement,code_construction_legislatif.json,sample_44,241,316
aides_logement,code_construction_legislatif.json,sample_45,858,647
aides_logement,code_construction_legislatif.json,sample_46,890,213
aides_logement,autres_sources.json,sample_1,2515,174
aides_logement,autres_sources.json,sample_2,822,205
aides_logement,autres_sources.json,sample_3,823,205
aides_logement,autres_sources.json,sample_4,932,255
aides_logement,autres_sources.json,sample_5,1249,156
aides_logement,autres_sources.json,sample_6,4848,502
aides_logement,autres_sources.json,sample_7,694,249
aides_logement,autres_sources.json,sample_8,2247,1310
aides_logement,autres_sources.json,sample_9,2329,219
aides_logement,code_sécurité_sociale.json,sample_1,1269,91
aides_logement,code_sécurité_sociale.json,sample_2,3604,502
aides_logement,code_sécurité_sociale.json,sample_3,2508,177
aides_logement,code_sécurité_sociale.json,sample_4,559,163
aides_logement,code_sécurité_sociale.json,sample_5,4045,196
aides_logement,code_sécurité_sociale.json,sample_6,109,247
aides_logement,code_sécurité_sociale.json,sample_7,59,212
aides_logement,code_sécurité_sociale.json,sample_8,65,212
aides_logement,code_sécurité_sociale.json,sample_9,65,212
aides_logement,code_sécurité_sociale.json,sample_10,95,238
aides_logement,code_sécurité_sociale.json,sample_11,115,247
aides_logement,code_sécurité_sociale.json,sample_12,63,212
aides_logement,code_sécurité_sociale.json,sample_13,64,212
aides_logement,code_sécurité_sociale.json,sample_14,53,203
aides_logement,code_sécurité_sociale.json,sample_15,67,212
aides_logement,code_sécurité_sociale.json,sample_16,65,212
aides_logement,code_sécurité_sociale.json,sample_17,66,212
aides_logement,code_sécurité_sociale.json,sample_18,1214,504
allocations_familiales,autres_codes.json,sample_1,563,187
allocations_familiales,securite_sociale_L.json,sample_1,1416,274
allocations_familiales,securite_sociale_L.json,sample_2,244,871
allocations_familiales,securite_sociale_L.json,sample_3,1306,167
allocations_familiales,securite_sociale_L.json,sample_4,738,436
allocations_familiales,securite_sociale_L.json,sample_5,276,264
allocations_familiales,securite_sociale_L.json,sample_6,85,158
allocations_familiales,securite_sociale_L.json,sample_7,867,94
allocations_familiales,securite_sociale_L.json,sample_8,183,343
allocations_familiales,securite_sociale_L.json,sample_9,672,682
allocations_familiales,securite_sociale_L.json,sample_10,263,218
allocations_familiales,securite_sociale_L.json,sample_11,783,765
allocations_familiales,securite_sociale_L.json,sample_12,1021,245
allocations_familiales,securite_sociale_L.json,sample_13,177,311
allocations_familiales,securite_sociale_L.json,sample_14,401,107
allocations_familiales,securite_sociale_L.json,sample_15,687,273
allocations_familiales,securite_sociale_L.json,sample_16,1698,228
allocations_familiales,securite_sociale_L.json,sample_17,239,445
allocations_familiales,decrets_divers.json,sample_1,1152,509
allocations_familiales,decrets_divers.json,sample_2,1115,509
allocations_familiales,decrets_divers.json,sample_3,1086,509
allocations_familiales,decrets_divers.json,sample_4,624,275
allocations_familiales,decrets_divers.json,sample_5,364,276
allocations_familiales,decrets_divers.json,sample_6,441,442
allocations_familiales,decrets_divers.json,sample_7,40,271
allocations_familiales,decrets_divers.json,sample_8,36,269
allocations_familiales,decrets_divers.json,sample_9,43,211
allocations_familiales,decrets_divers.json,sample_10,67,309
allocations_familiales,decrets_divers.json,sample_11,3341,8951
allocations_familiales,securite_sociale_R.json,sample_1,623,80
allocations_familiales,securite_sociale_R.json,sample_2,226,113
allocations_familiales,securite_sociale_R.json,sample_3,631,105
allocations_familiales,securite_sociale_R.json,sample_4,159,94
allocations_familiales,securite_sociale_R.json,sample_5,558,338
allocations_familiales,securite_sociale_R.json,sample_6,1366,284
allocations_familiales,securite_sociale_R.json,sample_7,427,266
allocations_familiales,securite_sociale_R.json,sample_8,171,156
allocations_familiales,securite_sociale_R.json,sample_9,910,247
allocations_familiales,securite_sociale_R.json,sample_10,446,173
allocations_familiales,epilogue.json,sample_1,1052,4039
allocations_familiales,securite_sociale_D.json,sample_1,469,270
allocations_familiales,securite_sociale_D.json,sample_2,380,527
allocations_familiales,securite_sociale_D.json,sample_3,99,242
allocations_familiales,securite_sociale_D.json,sample_4,432,574
allocations_familiales,securite_sociale_D.json,sample_5,98,286
allocations_familiales,securite_sociale_D.json,sample_6,375,528
allocations_familiales,securite_sociale_D.json,sample_7,97,241
allocations_familiales,securite_sociale_D.json,sample_8,877,938
allocations_familiales,securite_sociale_D.json,sample_9,170,231
allocations_familiales,securite_sociale_D.json,sample_10,618,189
allocations_familiales,securite_sociale_D.json,sample_11,324,234
allocations_familiales,securite_sociale_D.json,sample_12,265,188
allocations_familiales,securite_sociale_D.json,sample_13,652,719
allocations_familiales,securite_sociale_D.json,sample_14,110,94
allocations_familiales,securite_sociale_D.json,sample_15,184,175
allocations_familiales,securite_sociale_D.json,sample_16,140,176
allocations_familiales,securite_sociale_D.json,sample_17,1058,580
allocations_familiales,securite_sociale_D.json,sample_18,203,746
tutoriel_fr,tutoriel_fr.json,sample_1,8657,458
tutoriel_fr,tutoriel_fr.json,sample_2,1231,77
tutoriel_fr,tutoriel_fr.json,sample_3,895,133
tutoriel_fr,tutoriel_fr.json,sample_4,2282,204
tutoriel_fr,tutoriel_fr.json,sample_5,1595,530
tutoriel_fr,tutoriel_fr.json,sample_6,1869,422
tutoriel_fr,tutoriel_fr.json,sample_7,666,133
tutoriel_fr,tutoriel_fr.json,sample_8,1651,346
tutoriel_fr,tutoriel_fr.json,sample_9,64,339
tutoriel_fr,tutoriel_fr.json,sample_10,930,526
tutoriel_fr,tutoriel_fr.json,sample_11,276,264
tutoriel_fr,tutoriel_fr.json,sample_12,42,345
tutoriel_fr,tutoriel_fr.json,sample_13,812,162
tutoriel_fr,tutoriel_fr.json,sample_14,1155,508
tutoriel_fr,tutoriel_fr.json,sample_15,3483,439
tutoriel_fr,tutoriel_fr.json,sample_16,1272,626
tutoriel_fr,tutoriel_fr.json,sample_17,802,276
tutoriel_fr,tutoriel_fr.json,sample_18,359,281
tutoriel_fr,tutoriel_fr.json,sample_19,445,317
tutoriel_fr,tutoriel_fr.json,sample_20,635,370
tutoriel_fr,tutoriel_fr.json,sample_21,807,306
tutoriel_fr,tutoriel_fr.json,sample_22,368,271
tutoriel_fr,tutoriel_fr.json,sample_23,1517,180
tutoriel_fr,tutoriel_fr.json,sample_24,332,376
tutoriel_fr,tutoriel_fr.json,sample_25,271,74
tutoriel_fr,tutoriel_fr.json,sample_26,249,276
tutoriel_fr,tutoriel_fr.json,sample_27,95,209
tutoriel_fr,tutoriel_fr.json,sample_28,368,111
tutoriel_fr,tutoriel_fr.json,sample_29,303,238
tutoriel_fr,tutoriel_fr.json,sample_30,262,349
tutoriel_fr,tutoriel_fr.json,sample_31,42,246
smic,Smic.json,sample_1,750,617
smic,Smic.json,sample_2,52,183
smic,Smic.json,sample_3,522,394
smic,Smic.json,sample_4,52,183
smic,Smic.json,sample_5,522,394
smic,Smic.json,sample_6,52,183
smic,Smic.json,sample_7,526,394
smic,Smic.json,sample_8,56,183
smic,Smic.json,sample_9,521,394
smic,Smic.json,sample_10,52,183
smic,Smic.json,sample_11,524,394
smic,Smic.json,sample_12,52,183
smic,Smic.json,sample_13,527,393
smic,Smic.json,sample_14,56,182
smic,Smic.json,sample_15,519,393
smic,Smic.json,sample_16,52,182
smic,Smic.json,sample_17,525,361
smic,Smic.json,sample_18,56,150
prestations_familiales,sécurité_sociale_R.json,sample_1,623,91
prestations_familiales,sécurité_sociale_R.json,sample_2,226,124
prestations_familiales,sécurité_sociale_R.json,sample_3,780,184
prestations_familiales,sécurité_sociale_L.json,sample_1,1387,229
prestations_familiales,sécurité_sociale_L.json,sample_2,244,676
prestations_familiales,sécurité_sociale_L.json,sample_3,1780,284
droit_successions,droit_successions.json,sample_1,1042,1349
droit_successions,droit_successions.json,sample_2,216,366
droit_successions,droit_successions.json,sample_3,550,206
droit_successions,droit_successions.json,sample_4,366,198
droit_successions,droit_successions.json,sample_5,357,375
base_mensuelle_allocations_familiales,Bmaf.json,sample_1,1137,410
base_mensuelle_allocations_familiales,Bmaf.json,sample_2,761,179
base_mensuelle_allocations_familiales,Bmaf.json,sample_3,597,180
base_mensuelle_allocations_familiales,Bmaf.json,sample_4,652,180
base_mensuelle_allocations_familiales,Bmaf.json,sample_5,874,148
